id_compra,id_artigo,quantidade
1,1067,7
1,1117,5
1,414,2
2,416,7
2,335,5
3,995,3
3,926,4
3,131,6
3,178,1
4,12,5
4,378,5
5,166,5
5,1001,1
5,122,1
6,76,8
7,195,9
7,587,2
8,168,9
9,965,6
9,299,1
9,1046,3
9,469,9
9,1109,6
10,133,9
10,462,1
11,757,1
11,786,6
11,742,7
12,944,5
12,1229,7
12,395,7
13,970,3
14,1100,5
14,270,7
14,363,1
15,802,9
15,1090,1
15,594,6
15,1028,4
16,408,8
16,209,5
17,1258,2
17,290,9
17,284,4
18,1260,3
18,810,9
19,787,4
19,954,7
20,546,8
20,86,5
20,239,2
21,876,2
21,249,6
22,150,4
22,696,5
22,1139,5
23,345,8
23,314,6
24,586,4
24,578,7
24,888,1
25,248,4
25,795,3
26,282,2
26,1178,6
26,894,7
27,726,3
27,108,9
28,1166,9
28,965,2
28,746,1
29,1223,7
29,939,4
30,112,8
30,967,7
30,531,5
31,494,3
31,666,1
32,303,5
32,1156,1
33,280,8
33,720,9
33,129,9
34,309,1
34,838,7
35,898,7
35,286,1
35,1057,1
36,971,9
36,1204,9
37,94,1
37,1209,4
37,635,7
38,1101,4
38,1200,6
39,273,3
39,421,2
39,604,6
40,993,8
40,1141,3
41,213,5
41,511,7
41,872,7
42,414,8
42,760,3
43,164,2
43,399,2
43,805,2
44,143,4
44,482,9
45,291,4
45,995,6
46,943,1
46,468,7
46,1272,6
47,154,5
47,900,5
48,518,4
48,435,9
48,1137,8
49,1040,2
49,468,8
50,270,2
50,93,6
50,807,9
51,116,6
51,783,4
52,1045,9
52,601,2
52,1196,2
53,1205,8
53,877,5
54,308,1
54,1118,3
54,1069,8
55,57,6
55,95,4
56,1114,6
56,361,9
56,12,2
57,86,5
57,66,8
58,1152,6
58,369,1
59,109,1
59,276,4
59,643,8
60,688,7
60,203,2
61,879,7
61,807,9
61,1075,1
62,101,5
62,175,9
63,1119,8
63,1130,5
63,712,9
64,617,6
64,506,5
65,486,3
65,959,8
65,332,8
66,1182,4
66,727,1
67,1027,1
67,148,3
67,232,9
68,841,6
68,700,5
69,467,4
69,708,5
69,1225,5
70,1270,5
70,391,5
71,638,2
71,627,7
72,378,2
72,1224,3
72,381,8
73,876,3
73,503,1
74,743,5
74,821,7
74,701,5
75,75,3
75,636,2
76,470,1
76,181,3
76,606,8
77,609,6
77,736,4
78,1168,2
78,27,8
78,1040,1
79,256,3
79,1216,3
80,1007,9
80,72,7
80,112,4
81,553,1
81,183,1
82,11,9
82,230,2
83,811,2
83,1070,1
83,922,4
84,874,5
84,125,7
85,639,9
85,131,9
85,8,2
86,550,7
86,1146,9
87,1070,7
87,748,5
87,232,1
88,562,7
88,51,9
89,719,3
89,1074,6
89,429,8
90,589,9
90,1156,5
91,429,1
91,1144,5
91,413,1
92,118,4
92,961,8
93,1112,3
93,73,9
93,1120,4
94,1203,6
94,1125,5
95,215,1
95,35,1
96,298,4
96,910,6
96,902,8
97,648,5
97,1026,9
98,189,9
98,192,9
98,169,1
99,517,5
99,914,2
100,1062,5
100,1033,7
100,1119,3
101,779,5
101,25,5
102,856,5
102,286,7
102,217,1
103,714,4
103,1230,8
104,879,6
104,933,7
104,46,8
105,826,1
105,936,3
106,601,5
106,305,9
106,23,6
107,718,8
107,1239,3
108,1105,4
108,769,6
109,1105,2
109,958,6
109,818,9
110,174,2
110,801,2
111,287,7
111,532,9
111,52,7
112,1192,8
112,719,2
113,660,6
113,92,5
113,198,1
114,870,3
114,140,1
115,173,3
115,684,3
115,1179,6
116,818,2
116,896,6
117,22,1
117,759,8
117,701,2
118,123,8
118,205,1
119,418,6
119,910,7
119,851,6
120,213,5
120,787,6
121,352,1
121,1022,6
122,600,6
122,74,5
122,454,1
123,979,9
123,684,2
124,797,2
124,1012,8
124,710,6
125,1119,2
125,480,7
126,1203,1
126,457,2
126,499,9
127,606,5
127,937,2
128,379,7
128,480,5
128,470,3
129,536,6
129,710,8
130,909,1
130,685,4
130,687,8
131,267,6
131,309,9
132,595,9
132,1013,1
132,267,6
133,604,3
133,46,9
134,653,4
134,871,6
135,751,2
135,625,1
135,14,3
136,188,5
136,289,3
137,777,2
137,8,8
137,924,6
138,943,6
138,489,1
139,972,3
139,74,6
139,129,6
140,198,6
140,950,2
141,628,2
141,672,2
141,767,3
142,102,8
142,714,4
143,704,2
143,530,9
143,1139,4
144,1040,4
144,709,2
145,702,7
145,1114,5
146,633,8
146,45,3
146,584,2
147,1104,1
147,366,6
148,45,9
148,173,1
148,370,5
149,26,3
149,550,9
150,1018,6
150,662,4
150,934,9
151,1097,7
151,14,8
152,380,2
152,939,2
152,572,7
153,746,2
153,570,8
154,1139,5
154,298,2
154,41,8
155,737,1
155,123,5
156,1144,3
156,191,6
156,878,5
157,721,5
157,839,8
158,1076,2
158,702,6
159,546,9
159,426,8
159,248,7
160,174,2
160,472,9
161,1249,6
161,1188,9
161,1149,4
162,958,9
162,428,4
163,724,6
163,1097,6
163,15,9
164,840,9
164,190,6
165,564,8
165,203,2
165,1157,6
166,1043,6
166,528,2
167,1128,1
167,307,5
167,959,6
168,162,9
168,424,8
169,1013,9
169,552,5
169,223,9
170,1098,4
170,749,7
171,954,2
171,897,9
172,331,4
172,354,3
172,338,9
173,1101,3
173,324,8
174,909,9
174,1270,4
174,342,1
175,1140,1
175,508,5
176,505,2
176,574,5
176,299,9
177,58,1
177,368,7
178,1205,2
178,457,1
178,1030,2
179,1107,9
179,467,5
180,882,5
180,480,4
180,349,7
181,379,3
181,233,7
182,174,9
182,586,8
182,421,5
183,1239,9
183,319,3
184,688,8
184,851,3
185,61,6
185,266,9
185,1087,4
186,815,4
186,113,6
187,496,6
187,356,9
187,161,8
188,683,8
188,598,8
189,601,4
189,356,2
189,1078,8
190,243,3
190,363,2
191,310,7
191,853,3
191,547,2
192,243,7
192,391,5
193,1033,7
193,12,8
193,28,1
194,318,3
194,1137,8
195,411,7
195,348,1
195,472,9
196,275,9
196,838,3
197,831,4
197,243,9
198,1119,4
198,285,7
198,651,5
199,329,6
199,1001,8
200,796,8
200,237,5
200,386,9
201,588,9
201,1015,2
202,1127,1
202,1203,5
202,128,6
203,885,3
203,1117,9
204,924,6
204,550,4
204,1022,1
205,1009,6
205,476,1
206,868,6
206,828,9
206,761,7
207,940,8
207,1132,2
208,861,3
208,277,5
208,991,6
209,259,2
209,253,7
210,101,3
210,1098,9
211,5,1
211,1079,1
211,1074,6
212,1149,8
212,45,7
213,1051,6
213,594,6
213,173,9
214,1090,1
214,553,6
215,704,8
215,607,5
215,501,3
216,212,5
216,830,5
217,267,3
217,426,2
217,464,3
218,1250,2
218,114,6
219,518,1
219,994,2
219,64,2
220,317,4
220,411,8
221,547,4
221,1087,5
222,1098,3
222,397,9
222,461,9
223,912,6
223,824,6
224,636,5
224,222,3
224,546,5
225,1073,7
225,937,1
226,1141,2
226,942,8
226,1152,3
227,150,7
227,245,1
228,893,3
228,796,2
228,341,7
229,21,7
229,887,4
230,1142,7
230,1170,3
230,452,8
231,688,2
231,288,4
232,1127,2
232,695,7
232,713,8
233,167,4
233,286,2
234,767,8
234,458,4
235,607,7
235,1098,1
235,453,1
236,568,9
236,969,3
237,644,1
237,154,4
237,305,1
238,1007,3
238,448,1
239,698,3
239,616,4
239,46,6
240,410,7
240,690,9
241,551,1
241,303,8
241,277,7
242,453,6
242,516,5
243,918,9
243,990,7
243,821,5
244,14,9
244,64,5
245,1189,7
245,261,6
245,696,4
246,70,4
246,440,6
247,482,9
247,287,3
248,199,3
248,1163,4
248,485,7
249,431,5
249,875,7
250,1006,1
250,747,5
250,601,2
251,557,2
251,60,1
252,6,6
252,285,7
252,1130,1
253,749,6
253,675,1
254,918,8
254,1146,3
254,1172,5
255,1046,6
255,723,9
256,1073,5
256,524,3
256,581,6
257,674,8
257,625,5
258,123,2
258,938,4
258,9,8
259,275,3
259,683,5
260,277,9
260,154,7
261,959,4
261,1244,1
261,187,5
262,360,4
262,672,1
263,435,8
263,179,6
263,889,4
264,1233,4
264,886,6
265,711,7
265,150,4
265,474,6
266,666,1
266,632,4
267,940,8
267,532,9
267,699,7
268,917,4
268,328,2
269,1215,2
269,333,6
269,1078,5
270,617,9
270,985,2
271,352,1
271,1217,1
271,730,5
272,243,5
272,1245,3
273,591,1
273,849,8
274,255,5
274,741,8
274,832,2
275,235,1
275,371,7
276,916,2
276,39,2
276,1107,3
277,368,3
277,373,2
278,840,1
278,1062,8
278,1138,1
279,1037,5
279,372,4
280,1125,4
280,86,7
280,1207,3
281,458,3
281,1089,2
282,1163,2
282,72,3
282,695,4
283,899,3
283,236,3
284,22,9
284,493,8
285,563,7
285,979,5
285,173,2
286,697,9
286,87,4
287,1136,8
287,98,6
287,1171,2
288,264,2
288,357,7
289,16,9
289,132,2
289,181,8
290,136,4
290,911,9
291,849,1
291,594,7
291,710,6
292,1028,7
292,183,9
293,557,3
293,1132,6
293,156,5
294,1202,2
294,883,3
295,142,3
295,660,5
295,880,2
296,64,9
296,395,3
297,636,2
297,355,2
298,1094,6
298,794,2
298,125,3
299,384,8
299,977,2
300,738,2
300,1118,3
300,130,9
301,668,7
301,479,1
302,1094,9
302,138,1
302,719,9
303,51,7
303,86,5
304,88,6
304,873,9
304,103,2
305,481,2
305,1030,1
306,756,9
306,3,7
306,262,4
307,1190,4
307,1246,6
308,808,7
308,937,4
308,918,4
309,208,9
309,1066,2
310,806,2
310,1103,3
311,1003,4
311,172,1
311,1218,5
312,836,4
312,710,4
313,598,9
313,357,3
313,137,8
314,504,7
314,261,4
315,137,6
315,374,1
315,759,8
316,235,6
316,963,5
317,251,4
317,248,2
317,649,1
318,27,9
318,317,7
319,475,2
319,1141,2
319,1104,4
320,1011,4
320,355,8
321,1195,6
321,988,3
321,321,3
322,136,4
322,860,9
323,519,9
323,1219,8
324,829,8
324,231,6
324,187,9
325,81,9
325,694,8
326,658,9
326,135,7
326,190,8
327,840,5
327,690,1
328,231,4
328,749,7
328,715,8
329,467,2
329,542,2
330,610,5
330,998,1
330,990,8
331,883,9
331,694,3
332,1121,9
332,550,6
332,580,2
333,385,7
333,914,3
334,162,8
334,704,8
334,775,2
335,1227,7
335,1200,7
336,1033,9
336,137,1
337,971,8
337,1012,1
337,1062,4
338,1230,2
338,855,9
339,965,8
339,1064,9
339,923,8
340,908,3
340,912,4
341,380,1
341,721,2
341,948,3
342,197,4
342,900,3
343,373,3
343,1137,5
343,342,4
344,615,8
344,66,5
345,943,7
345,755,1
345,886,7
346,1042,1
346,1228,7
347,422,6
347,865,8
348,106,8
348,162,9
348,548,7
349,916,1
349,128,7
350,158,8
350,1024,4
350,639,4
351,406,2
351,980,2
352,1032,5
352,427,3
352,1020,8
353,1144,7
353,668,4
354,724,2
354,194,3
354,951,4
355,193,6
355,553,3
356,1207,8
356,1085,6
356,340,3
357,801,6
357,1127,6
358,708,8
358,993,7
358,1198,8
359,830,6
359,83,8
360,945,4
360,454,4
361,294,5
361,623,7
361,739,5
362,726,9
362,1210,9
363,459,5
363,426,9
363,78,4
364,363,9
364,765,1
365,1031,8
365,579,1
365,1072,6
366,782,7
366,624,1
367,61,8
367,515,4
367,430,2
368,512,2
368,315,9
369,339,9
369,86,6
369,212,9
370,188,4
370,491,7
371,838,1
371,1213,3
371,1180,2
372,1162,9
372,566,4
373,182,2
373,982,8
374,114,9
374,759,4
374,10,8
375,1175,4
375,486,3
376,786,8
376,321,1
376,158,3
377,656,9
377,708,8
378,758,6
378,612,5
378,130,3
379,308,6
379,281,9
380,936,1
380,1026,6
380,720,5
381,1007,5
381,16,9
382,468,7
382,155,9
382,344,7
383,445,6
383,820,6
384,739,1
384,740,8
384,383,2
385,508,5
385,1,6
386,808,3
386,541,1
387,270,9
387,354,4
387,368,3
388,203,3
388,525,9
389,568,1
389,1102,4
389,292,8
390,1057,3
390,750,5
391,913,9
391,1087,7
391,1124,5
392,940,5
392,842,9
393,862,2
393,596,9
393,1170,8
394,121,1
394,1173,1
395,477,8
395,339,4
395,481,8
396,1071,9
396,998,4
397,1000,1
397,189,5
397,593,6
398,357,1
398,1204,4
399,820,6
399,447,3
400,809,4
400,1157,6
400,558,7
401,176,1
401,873,4
402,40,6
402,178,8
402,1203,4
403,142,1
403,1222,4
404,38,5
404,746,4
404,429,5
405,1163,5
405,56,9
406,72,8
406,291,2
406,690,9
407,145,1
407,831,8
408,1166,6
408,507,5
408,176,9
409,231,5
409,345,2
410,777,7
410,699,6
410,191,4
411,1157,3
411,1207,5
412,282,4
412,847,2
413,250,3
413,469,7
413,182,4
414,160,7
414,80,7
415,395,1
415,964,6
415,1254,1
416,135,2
416,1262,8
417,573,9
417,123,3
417,1026,9
418,774,7
418,60,5
419,901,9
419,470,4
419,540,4
420,894,9
420,477,4
421,1235,9
421,727,2
421,687,3
422,863,8
422,151,4
423,1220,2
423,1217,1
424,879,3
424,845,7
424,700,4
425,580,3
425,31,5
426,59,2
426,372,4
426,142,7
427,393,6
427,462,7
428,700,2
428,31,4
428,163,9
429,1084,6
429,1006,8
430,1103,9
430,894,4
430,608,2
431,161,3
431,1009,9
432,1124,3
432,52,7
432,638,3
433,196,8
433,391,9
434,300,9
434,337,7
434,279,2
435,5,6
435,653,2
436,337,2
436,580,1
437,1267,8
437,885,3
437,1106,4
438,285,5
438,844,6
439,589,6
439,894,2
439,483,4
440,1033,1
440,390,6
441,149,9
441,1189,5
441,324,6
442,150,9
442,939,8
443,769,5
443,1139,8
443,589,9
444,162,1
444,985,6
445,656,6
445,388,5
445,185,1
446,930,4
446,1013,9
447,1224,9
447,266,3
447,578,7
448,354,1
448,1254,4
449,156,1
449,906,5
450,176,7
450,1138,6
450,42,5
451,235,9
451,1271,5
452,523,9
452,709,9
452,303,8
453,1096,9
453,894,2
454,586,5
454,667,1
454,934,7
455,847,2
455,72,4
456,158,6
456,1050,4
456,1272,5
457,11,3
457,195,4
458,288,7
458,327,4
458,651,9
459,1217,6
459,901,6
460,1079,3
460,17,2
460,474,6
461,253,2
461,111,9
462,1250,7
462,134,9
463,395,2
463,399,3
463,1123,2
464,398,7
464,870,7
465,352,8
465,160,4
465,1040,2
466,378,5
466,852,2
467,700,2
467,975,6
467,849,2
468,100,5
468,617,4
469,455,4
469,1035,9
469,926,7
470,766,8
470,410,7
471,186,7
471,79,8
471,250,6
472,1188,2
472,156,1
473,190,7
473,440,5
473,1017,5
474,237,3
474,327,2
475,593,5
475,1103,3
476,619,4
476,580,5
476,605,7
477,539,8
477,289,5
478,363,7
478,407,7
478,952,9
479,699,8
479,694,7
480,318,2
480,978,6
480,695,1
481,321,8
481,667,2
482,1266,6
482,210,5
482,451,5
483,544,4
483,585,9
484,484,2
484,1229,2
484,28,4
485,575,6
485,793,7
486,642,5
486,25,4
487,154,1
487,770,2
487,1001,3
488,560,3
488,1073,8
489,656,5
489,109,1
489,76,9
490,210,1
490,375,7
491,895,9
491,128,9
491,1006,9
492,834,6
492,1166,4
493,827,1
493,793,8
493,511,9
494,530,7
494,40,2
495,1183,4
495,583,5
495,363,4
496,1090,9
496,740,1
497,1074,5
497,1105,1
497,99,3
498,134,2
498,1016,8
499,79,6
499,243,2
500,227,8
500,294,1
500,1212,3
501,644,5
501,288,3
502,27,2
502,1164,7
502,484,9
503,309,9
503,1043,5
504,943,1
504,287,2
504,550,5
505,726,8
505,513,3
506,413,9
506,229,9
506,1028,3
507,576,3
507,802,9
508,581,4
508,868,4
508,145,1
509,718,9
509,408,9
510,1175,6
510,781,8
510,479,7
511,524,2
511,132,5
512,572,5
512,737,2
513,647,7
513,785,4
513,346,6
514,529,2
514,279,3
515,407,9
515,192,4
515,701,7
516,173,6
516,746,8
517,316,4
517,1076,2
517,349,6
518,656,9
518,150,9
519,951,4
519,1018,4
519,520,6
520,812,2
520,173,9
521,1113,6
521,92,3
521,393,2
522,814,4
522,247,3
523,290,4
523,623,1
523,254,7
524,1075,2
524,1221,3
525,743,4
525,551,6
526,1015,9
526,788,5
526,1066,5
527,89,4
527,699,1
528,981,3
528,208,3
528,1044,3
529,1005,5
529,911,6
530,1215,6
530,1020,7
530,355,6
531,218,9
531,1108,1
532,839,3
532,455,1
532,474,7
533,175,4
533,768,7
534,30,8
534,178,3
534,1260,7
535,570,2
535,365,5
536,939,9
536,165,3
536,1145,7
537,520,9
537,761,8
538,1041,7
538,1111,4
539,366,3
539,327,3
539,953,3
540,821,8
540,827,6
541,474,5
541,1270,5
541,646,7
542,764,3
542,135,8
543,1145,7
543,978,2
543,518,9
544,427,6
544,805,1
545,816,4
545,793,5
545,29,2
546,419,8
546,928,2
547,744,2
547,821,6
547,806,4
548,1127,2
548,164,9
549,362,2
549,23,2
549,269,2
550,709,6
550,938,5
551,1054,7
551,811,5
552,674,4
552,884,2
552,1213,8
553,684,8
553,323,1
554,889,9
554,1255,4
554,270,3
555,214,8
555,683,6
556,520,2
556,326,7
556,123,1
557,1151,4
557,725,4
558,537,7
558,743,8
558,430,6
559,608,1
559,1270,1
560,617,6
560,254,4
560,941,8
561,435,7
561,1016,9
562,232,3
562,632,8
563,49,4
563,1060,8
563,1120,2
564,928,2
564,841,4
565,941,2
565,1002,3
565,814,6
566,871,6
566,191,6
567,556,3
567,73,9
567,448,1
568,600,6
568,642,5
569,1112,1
569,1014,5
569,828,1
570,625,8
570,392,6
571,843,1
571,334,9
571,365,2
572,455,4
572,814,7
573,616,3
573,741,8
573,545,8
574,751,1
574,206,7
575,397,4
575,1003,7
576,1046,4
576,623,3
576,1251,4
577,515,8
577,889,9
578,190,4
578,957,5
578,779,4
579,553,7
579,851,8
580,1197,9
580,286,9
580,848,9
581,361,1
581,832,5
582,810,9
582,658,2
582,888,8
583,509,9
583,506,9
584,193,2
584,397,1
584,710,6
585,145,9
585,1264,1
586,609,7
586,1206,9
586,284,8
587,1012,7
587,339,9
588,347,8
588,410,6
589,770,6
589,1206,7
589,206,1
590,1214,5
590,554,6
591,11,9
591,549,9
591,405,4
592,39,2
592,666,2
593,456,1
593,235,8
593,1007,1
594,407,6
594,725,5
595,822,4
595,823,4
595,533,8
596,299,2
596,121,5
597,87,5
597,1175,5
597,1137,9
598,202,9
598,469,2
599,644,6
599,251,3
599,1053,1
600,30,5
600,847,9
601,964,2
601,1178,2
602,428,8
602,185,2
602,163,1
603,590,8
603,788,5
604,83,4
604,479,7
604,320,4
605,627,7
605,478,6
606,1075,9
606,587,4
606,600,2
607,1254,9
607,1244,9
608,442,6
608,59,6
608,175,4
609,1270,9
609,418,9
610,436,7
610,1034,8
610,696,2
611,1238,5
611,928,6
612,340,8
612,71,6
612,945,9
613,536,7
613,335,3
614,1013,2
614,495,1
615,12,7
615,521,6
615,478,4
616,547,3
616,409,7
617,761,1
617,709,5
617,10,5
618,973,9
618,827,8
619,1166,9
619,554,5
619,823,3
620,47,4
620,1004,7
621,782,5
621,495,1
621,111,9
622,1121,4
622,887,3
623,323,5
623,1097,2
623,711,4
624,1052,7
624,155,6
625,773,3
625,1026,4
626,514,3
626,604,8
626,1157,8
627,494,9
627,188,6
628,695,5
628,677,8
628,67,5
629,849,3
629,1140,2
630,1194,2
630,807,8
630,1153,9
631,691,1
631,1208,5
632,872,3
632,124,7
632,273,5
633,510,9
633,867,9
634,888,9
634,673,4
634,964,1
635,1098,4
635,805,3
636,507,2
636,42,3
636,234,8
637,224,6
637,876,6
638,124,1
638,324,4
639,134,8
639,1123,1
639,622,6
640,730,9
640,194,2
641,667,2
641,1250,3
641,750,1
642,349,6
642,871,5
643,399,4
643,1167,1
643,1181,8
644,1011,1
644,1174,6
645,369,2
645,219,4
645,1232,8
646,1215,2
646,1027,5
647,109,7
647,896,1
647,1222,8
648,59,5
648,1038,9
649,809,7
649,1170,1
649,1002,4
650,738,9
650,403,2
651,323,5
651,1234,9
652,1155,2
652,925,4
652,1096,3
653,809,2
653,655,4
654,911,6
654,869,3
654,1025,5
655,665,4
655,707,2
656,254,4
656,21,1
656,7,7
657,266,7
657,734,1
658,396,4
658,381,9
658,252,4
659,90,4
659,121,2
660,576,2
660,392,4
660,55,8
661,339,7
661,1176,9
662,979,5
662,828,6
662,378,5
663,990,3
663,722,2
664,184,1
664,139,9
665,996,6
665,9,4
665,459,3
666,901,8
666,855,1
667,1268,9
667,292,5
667,922,5
668,517,6
668,645,6
669,958,5
669,1237,8
669,1094,5
670,449,4
670,236,6
671,310,2
671,310,6
671,170,9
672,1171,5
672,237,4
673,171,7
673,57,4
673,1168,4
674,833,9
674,56,3
675,884,2
675,66,8
675,531,7
676,151,8
676,1268,2
677,32,9
677,662,3
678,255,9
678,733,9
678,442,4
679,1262,3
679,26,7
680,456,1
680,980,8
680,948,1
681,449,8
681,552,8
682,773,2
682,1113,4
682,820,8
683,260,4
683,1077,4
684,815,9
684,404,4
684,393,2
685,159,9
685,343,6
686,977,6
686,766,3
686,810,9
687,672,6
687,114,7
688,933,8
688,236,6
688,859,5
689,1068,9
689,534,5
690,125,9
690,242,9
691,1183,5
691,659,2
691,1039,6
692,652,2
692,638,5
693,209,3
693,305,1
693,324,6
694,420,1
694,1108,7
695,220,3
695,552,6
695,511,6
696,979,6
696,1253,6
697,385,5
697,861,3
697,773,2
698,1110,1
698,828,2
699,335,4
699,703,8
699,236,8
700,592,1
700,596,3
701,703,1
701,863,2
702,113,6
702,629,4
702,199,7
703,941,8
703,437,3
704,1116,1
704,419,4
704,341,9
705,390,7
705,105,1
706,241,6
706,770,9
706,282,7
707,649,9
707,799,7
708,829,4
708,275,5
708,548,8
709,196,7
709,340,5
710,1081,1
710,403,5
710,323,9
711,621,1
711,376,3
712,444,6
712,1066,3
712,201,7
713,951,7
713,1030,6
714,910,4
714,81,7
715,356,6
715,77,8
715,1072,2
716,168,7
716,722,4
717,1259,4
717,245,4
717,229,1
718,1263,2
718,818,3
719,826,8
719,233,1
719,445,7
720,200,8
720,642,8
721,502,3
721,777,6
721,339,3
722,861,5
722,441,2
723,251,6
723,99,9
723,1031,4
724,96,7
724,779,6
725,907,2
725,1216,2
725,1129,6
726,373,1
726,728,6
727,861,6
727,640,6
728,961,9
728,130,7
728,983,7
729,986,2
729,659,7
730,832,4
730,1170,8
730,627,4
731,579,8
731,255,7
732,189,2
732,805,7
732,219,3
733,457,1
733,215,4
734,1041,8
734,887,3
734,737,3
735,370,6
735,1144,5
736,442,4
736,1255,9
736,108,8
737,1069,9
737,385,4
738,1049,5
738,224,2
738,1143,6
739,1065,1
739,65,6
740,290,9
740,595,9
741,604,2
741,1220,8
741,1083,4
742,171,5
742,277,7
743,98,1
743,645,2
743,933,2
744,240,1
744,966,7
745,11,3
745,742,9
745,1264,6
746,563,3
746,282,2
747,316,2
747,1004,7
747,224,7
748,958,8
748,991,2
749,666,1
749,916,7
749,127,5
750,406,6
750,143,9
751,914,7
751,1112,6
751,1026,4
752,940,5
752,176,4
753,974,5
753,1133,3
754,846,3
754,103,8
754,567,1
755,722,9
755,416,6
756,313,5
756,787,6
756,1,1
757,412,3
757,394,3
758,806,9
758,47,3
758,170,9
759,1201,2
759,1073,8
760,589,8
760,377,4
760,1155,9
761,89,1
761,1090,2
762,144,2
762,1091,5
762,363,9
763,1058,9
763,255,8
764,279,3
764,238,7
765,1031,2
765,183,8
765,815,8
766,687,6
766,1113,2
767,1090,6
767,712,1
767,877,5
768,1011,8
768,465,1
769,486,6
769,409,3
769,1218,4
770,527,8
770,650,4
771,927,4
771,218,3
771,1223,3
772,1263,3
772,306,5
773,1180,8
773,1142,6
773,68,9
774,1005,6
774,849,3
775,195,8
775,116,6
775,259,8
776,59,7
776,594,3
777,10,1
777,1127,3
778,104,8
778,638,3
778,545,7
779,796,8
779,940,6
780,1003,8
780,67,6
780,1201,5
781,791,1
781,1087,7
782,88,5
782,662,7
782,963,1
783,408,6
783,806,2
784,203,9
784,225,9
784,15,1
785,296,1
785,1006,4
786,372,3
786,913,6
786,5,5
787,878,6
787,393,8
788,975,2
788,604,2
788,346,6
789,1115,1
789,790,2
790,763,5
790,1130,8
791,878,4
791,498,9
791,970,9
792,1154,8
792,286,3
793,1132,6
793,1012,8
793,263,2
794,460,9
794,1228,3
795,407,3
795,432,4
795,355,3
796,538,5
796,11,7
797,1110,2
797,811,3
797,212,1
798,488,6
798,1052,7
799,663,4
799,1169,7
799,578,4
800,482,9
800,1028,6
801,236,8
801,681,2
801,694,5
802,735,9
802,1072,7
803,415,9
803,603,6
804,487,8
804,1082,8
804,66,1
805,1127,1
805,390,3
806,674,8
806,26,2
806,740,1
807,917,4
807,438,2
808,1067,6
808,387,4
808,1097,6
809,751,8
809,176,4
810,606,7
810,210,6
810,769,5
811,360,8
811,1195,2
812,319,6
812,970,5
812,1193,2
813,1032,6
813,45,4
814,1034,1
814,360,2
814,53,5
815,848,9
815,294,1
816,44,8
816,1087,6
817,1137,9
817,409,5
817,31,1
818,1003,3
818,957,4
819,1128,5
819,865,4
819,807,4
820,845,9
820,703,4
821,376,8
821,94,8
821,667,2
822,1056,5
822,155,1
823,244,9
823,788,4
823,1012,4
824,708,6
824,517,7
825,1200,9
825,108,1
825,525,5
826,1000,9
826,412,9
827,424,5
827,602,2
828,1035,9
828,743,2
828,864,7
829,1041,1
829,616,1
830,591,3
830,128,5
830,815,2
831,910,1
831,477,6
832,875,1
832,475,6
832,424,3
833,572,2
833,325,9
834,1011,7
834,538,8
834,654,9
835,1235,4
835,60,6
836,1018,8
836,125,5
836,370,3
837,907,7
837,769,6
838,1209,5
838,31,9
838,621,4
839,310,4
839,679,1
840,1083,1
840,465,1
841,1117,8
841,479,4
841,696,7
842,363,4
842,1145,5
843,536,2
843,967,3
843,653,3
844,1006,6
844,823,2
845,42,9
845,979,6
845,665,2
846,339,9
846,555,3
847,645,1
847,801,7
847,276,5
848,872,1
848,714,8
849,1150,3
849,1050,2
849,1066,9
850,624,8
850,409,8
851,530,3
851,871,6
851,196,4
852,764,8
852,1077,4
853,635,2
853,777,3
854,1013,1
854,457,9
854,480,6
855,895,6
855,25,6
856,1144,5
856,647,5
856,753,9
857,398,4
857,872,2
858,45,2
858,1083,6
858,995,8
859,708,6
859,1256,7
860,115,2
860,812,2
860,476,6
861,336,5
861,306,3
862,259,8
862,104,9
862,667,7
863,497,5
863,726,9
864,770,3
864,89,6
864,129,1
865,321,6
865,228,5
866,193,4
866,1209,4
867,550,2
867,552,5
867,810,2
868,999,5
868,1121,8
869,962,7
869,51,2
869,166,6
870,227,2
870,1083,5
871,109,6
871,272,1
871,471,1
872,589,1
872,969,5
873,464,9
873,1246,9
873,386,5
874,1180,6
874,597,8
875,1215,8
875,314,7
875,154,4
876,865,3
876,857,9
877,895,4
877,520,3
877,578,8
878,806,1
878,569,3
879,1198,7
879,583,7
880,1217,3
880,1257,5
880,1185,1
881,949,4
881,1006,6
882,237,6
882,771,7
882,1198,9
883,1015,1
883,762,1
884,749,3
884,649,3
884,667,1
885,214,9
885,725,4
886,772,7
886,30,3
886,54,3
887,1013,7
887,957,4
888,502,5
888,1223,6
888,944,6
889,429,7
889,1016,7
890,1094,5
890,1103,3
890,522,5
891,211,9
891,1164,5
892,1201,6
892,1196,6
893,350,5
893,684,1
893,813,3
894,961,8
894,697,4
895,484,9
895,850,9
895,453,8
896,923,1
896,638,1
897,80,3
897,453,8
897,1226,6
898,219,5
898,406,5
899,1009,3
899,710,8
899,1097,9
900,755,5
900,644,5
901,775,5
901,27,8
901,847,2
902,1025,1
902,333,1
903,329,7
903,728,6
904,939,8
904,415,7
904,584,1
905,1080,2
905,598,1
906,599,9
906,120,7
906,321,6
907,870,1
907,1014,5
908,525,2
908,118,7
908,779,2
909,411,8
909,681,8
910,769,1
910,763,7
910,555,8
911,432,3
911,254,4
912,384,7
912,1169,6
912,581,2
913,433,3
913,65,7
914,73,6
914,465,3
914,100,7
915,552,8
915,604,8
916,999,2
916,820,7
917,558,8
917,757,4
917,676,9
918,1176,3
918,734,2
919,1214,4
919,353,3
919,1076,9
920,723,4
920,1246,3
921,617,4
921,1060,7
921,629,7
922,396,2
922,900,3
923,964,3
923,482,2
923,1000,8
924,861,8
924,100,4
925,1071,2
925,1161,8
925,1118,9
926,87,1
926,337,5
927,421,7
927,838,9
927,324,9
928,994,9
928,641,8
929,752,3
929,206,1
930,516,9
930,469,4
930,10,2
931,475,1
931,115,8
932,593,3
932,71,1
932,943,5
933,1199,5
933,1108,4
934,107,6
934,1250,6
934,194,6
935,817,5
935,1033,4
936,770,9
936,866,6
936,329,4
937,1259,9
937,501,2
938,27,2
938,26,2
938,222,1
939,606,2
939,265,4
940,872,5
940,633,7
940,1042,6
941,864,6
941,621,4
942,1000,1
942,685,4
943,444,6
943,184,6
943,817,7
944,1252,5
944,916,1
945,1195,4
945,1235,7
945,222,1
946,997,8
946,59,8
947,37,4
947,1214,1
947,509,5
948,215,2
948,828,7
949,204,4
949,73,2
949,1137,5
950,731,1
950,397,9
951,1026,4
951,1113,6
951,267,1
952,437,1
952,247,7
953,665,3
953,3,4
953,525,3
954,137,1
954,388,5
955,197,1
955,829,6
956,349,4
956,975,4
956,1031,9
957,161,8
957,50,1
958,2,8
958,936,9
958,379,9
959,849,5
959,34,6
960,1031,4
960,1089,6
960,452,4
961,141,9
961,248,2
962,323,7
962,356,2
962,424,4
963,994,2
963,874,2
964,744,5
964,1012,1
964,902,5
965,95,6
965,747,7
966,446,4
966,1110,9
967,1111,7
967,1018,4
967,698,7
968,176,1
968,404,9
969,1144,6
969,513,7
969,101,3
970,1149,6
970,212,5
971,464,2
971,397,2
971,350,3
972,784,9
972,725,1
973,1197,4
973,583,3
973,793,5
974,1144,6
974,291,8
975,1192,6
975,333,5
975,718,9
976,331,1
976,1118,8
977,367,3
977,250,4
977,535,7
978,291,3
978,143,4
979,512,3
979,638,5
980,742,6
980,56,3
980,389,3
981,342,6
981,898,9
982,555,4
982,1122,2
982,640,6
983,1204,9
983,274,9
984,1167,2
984,145,8
984,452,6
985,408,5
985,995,2
986,16,4
986,113,1
986,21,7
987,123,8
987,749,2
988,942,3
988,1068,3
988,1181,6
989,203,9
989,318,6
990,1092,9
990,787,5
990,338,4
991,221,5
991,270,4
992,180,2
992,94,5
993,833,5
993,500,1
993,157,7
994,495,1
994,318,6
995,738,7
995,681,7
995,739,6
996,1007,1
996,1108,6
997,433,6
997,1047,8
997,162,2
998,1243,9
998,336,7
999,1184,5
999,335,2
999,1198,6
1000,495,5
1000,1014,2
1001,1183,6
1001,608,7
1001,816,4
1002,929,5
1002,844,9
1003,555,5
1003,1107,1
1003,385,1
1004,920,6
1004,1009,5
1005,516,7
1005,117,2
1006,231,6
1006,539,4
1006,753,6
1007,848,9
1007,559,8
1008,427,4
1008,902,7
1008,761,4
1009,350,9
1009,882,6
1010,39,8
1010,1070,3
1010,859,5
1011,1116,4
1011,748,7
1012,1212,3
1012,908,5
1012,635,5
1013,60,7
1013,40,5
1014,526,7
1014,945,5
1014,653,2
1015,394,3
1015,661,1
1016,578,1
1016,766,5
1016,667,5
1017,914,2
1017,659,6
1018,140,4
1018,591,5
1019,811,7
1019,675,7
1019,41,5
1020,1133,1
1020,843,6
1021,1004,3
1021,246,5
1021,356,6
1022,498,2
1022,1143,1
1023,935,3
1023,455,6
1023,1238,9
1024,791,2
1024,463,9
1025,179,3
1025,23,7
1025,319,5
1026,769,9
1026,1133,2
1027,360,6
1027,342,3
1027,1171,7
1028,663,2
1028,552,2
1029,1184,9
1029,486,2
1029,658,5
1030,365,7
1030,79,3
1031,1059,3
1031,333,5
1032,460,5
1032,458,9
1032,1198,2
1033,643,7
1033,830,8
1034,424,5
1034,284,6
1034,1166,8
1035,1058,1
1035,530,3
1036,424,3
1036,163,3
1036,814,1
1037,1171,3
1037,389,1
1038,1195,8
1038,208,4
1038,826,6
1039,85,5
1039,475,2
1040,1021,7
1040,942,6
1040,689,8
1041,655,1
1041,1198,3
1042,860,5
1042,1123,6
1043,417,1
1043,973,9
1043,1007,5
1044,523,9
1044,855,9
1045,718,8
1045,938,5
1045,84,4
1046,421,4
1046,100,9
1047,322,2
1047,681,4
1047,954,6
1048,1179,4
1048,626,2
1049,946,2
1049,1001,5
1049,797,5
1050,497,6
1050,1053,5
1051,692,1
1051,3,9
1051,1100,9
1052,967,8
1052,257,7
1053,216,8
1053,367,9
1053,208,8
1054,185,2
1054,478,3
1055,164,7
1055,44,3
1056,1224,5
1056,398,1
1056,441,2
1057,128,3
1057,845,9
1058,979,3
1058,107,1
1058,1198,1
1059,1079,9
1059,690,4
1060,722,3
1060,1047,2
1060,287,1
1061,453,1
1061,419,9
1062,923,9
1062,1158,6
1062,609,8
1063,1014,3
1063,232,2
1064,954,5
1064,668,2
1064,142,2
1065,833,4
1065,1003,6
1066,1011,1
1066,220,7
1066,958,5
1067,59,7
1067,268,8
1068,394,6
1068,314,8
1069,654,7
1069,676,5
1069,285,3
1070,1238,8
1070,818,9
1071,905,7
1071,710,8
1071,315,4
1072,267,7
1072,1117,8
1073,460,6
1073,247,8
1073,56,3
1074,107,1
1074,804,1
1075,311,6
1075,416,9
1075,906,7
1076,1221,2
1076,452,6
1077,1064,7
1077,883,1
1077,425,1
1078,998,4
1078,591,6
1079,359,3
1079,208,9
1079,362,9
1080,563,8
1080,487,4
1081,240,9
1081,18,5
1082,224,5
1082,301,8
1082,743,7
1083,1094,3
1083,1216,5
1084,361,9
1084,635,8
1084,1057,6
1085,1141,8
1085,950,2
1086,627,6
1086,1025,8
1086,866,4
1087,184,3
1087,1125,1
1088,726,5
1088,851,6
1088,520,6
1089,393,4
1089,175,8
1090,1201,7
1090,45,2
1090,21,1
1091,545,9
1091,707,1
1092,922,9
1092,1269,6
1092,1005,6
1093,547,8
1093,1235,5
1094,1158,1
1094,439,5
1095,529,6
1095,732,5
1095,208,2
1096,592,4
1096,1244,3
1097,1115,2
1097,847,5
1097,513,2
1098,1086,9
1098,368,7
1099,1273,8
1099,365,1
1099,608,2
1100,1125,7
1100,96,3
1101,1173,9
1101,1098,9
1101,216,8
1102,82,5
1102,53,9
1103,449,2
1103,586,2
1103,88,8
1104,130,6
1104,437,3
1105,268,6
1105,395,3
1106,32,6
1106,597,9
1106,967,7
1107,1106,8
1107,431,4
1108,412,8
1108,475,4
1108,1263,8
1109,546,9
1109,531,2
1110,972,5
1110,831,9
1110,954,6
1111,663,1
1111,254,8
1112,45,2
1112,373,5
1112,685,2
1113,895,1
1113,99,8
1114,1058,2
1114,1096,4
1114,1230,9
1115,430,8
1115,359,2
1116,1206,8
1116,683,6
1116,725,9
1117,64,4
1117,478,9
1118,395,8
1118,965,8
1119,1190,6
1119,304,2
1119,964,8
1120,334,3
1120,505,9
1121,1213,2
1121,1011,4
1121,1031,4
1122,680,3
1122,389,2
1123,958,9
1123,656,8
1123,721,4
1124,940,9
1124,248,2
1125,1226,3
1125,2,6
1125,822,1
1126,753,7
1126,1222,4
1127,483,9
1127,46,3
1127,561,9
1128,819,2
1128,470,8
1129,473,6
1129,628,9
1129,180,5
1130,914,1
1130,1154,2
1131,725,2
1131,704,6
1132,19,4
1132,692,9
1132,447,3
1133,269,9
1133,1230,8
1134,65,9
1134,85,3
1134,317,6
1135,629,9
1135,349,1
1136,93,7
1136,296,8
1136,227,3
1137,1218,1
1137,223,7
1138,1225,3
1138,938,7
1138,762,5
1139,477,8
1139,529,2
1140,1018,5
1140,556,4
1140,1123,1
1141,262,1
1141,606,8
1142,700,3
1142,325,6
1142,128,2
1143,325,5
1143,1086,2
1144,1154,5
1144,398,4
1145,126,6
1145,1074,6
1145,182,4
1146,1048,5
1146,340,5
1147,807,1
1147,211,6
1147,453,2
1148,333,9
1148,552,9
1149,235,1
1149,291,7
1149,402,9
1150,753,1
1150,781,2
1151,48,5
1151,699,9
1151,689,5
1152,784,6
1152,866,7
1153,50,6
1153,1052,2
1153,102,8
1154,1186,4
1154,519,5
1155,74,9
1155,112,6
1155,1115,4
1156,323,8
1156,926,7
1157,310,5
1157,222,9
1158,521,8
1158,139,7
1158,345,6
1159,316,4
1159,395,8
1160,1048,5
1160,1001,2
1160,299,5
1161,944,6
1161,737,6
1162,335,3
1162,954,1
1162,916,2
1163,1095,7
1163,156,1
1164,886,1
1164,139,4
1164,944,3
1165,1254,9
1165,604,2
1166,663,6
1166,687,4
1166,934,1
1167,655,9
1167,530,1
1168,841,2
1168,1031,7
1168,887,6
1169,1115,3
1169,807,5
1170,396,5
1170,416,8
1171,1030,5
1171,1042,8
1171,511,3
1172,49,5
1172,1228,6
1173,292,1
1173,480,4
1173,360,1
1174,752,7
1174,150,7
1175,451,4
1175,945,6
1175,731,7
1176,1214,3
1176,1246,7
1177,510,1
1177,359,9
1177,588,7
1178,352,8
1178,1204,2
1179,478,9
1179,1049,8
1179,244,5
1180,158,8
1180,681,5
1181,251,7
1181,805,1
1182,43,2
1182,1256,4
1182,278,7
1183,569,6
1183,1168,8
1184,560,6
1184,853,3
1184,395,8
1185,508,4
1185,179,7
1186,204,1
1186,1156,4
1186,825,4
1187,200,4
1187,1208,4
1188,776,3
1188,1075,7
1188,61,9
1189,380,5
1189,420,5
1190,622,3
1190,302,2
1190,1231,2
1191,756,7
1191,61,9
1192,1023,1
1192,112,9
1192,284,4
1193,917,3
1193,267,4
1194,44,3
1194,748,5
1195,843,2
1195,342,2
1195,198,4
1196,581,5
1196,353,1
1197,1000,6
1197,591,6
1197,944,3
1198,772,8
1198,217,5
1199,422,7
1199,839,1
1199,411,3
1200,1258,8
1200,442,5
1201,412,7
1201,855,6
1201,725,1
1202,852,8
1202,366,5
1203,35,2
1203,728,4
1203,1016,5
1204,829,9
1204,751,1
1205,259,8
1205,532,7
1205,1232,7
1206,1068,6
1206,898,7
1207,1013,7
1207,248,7
1208,814,4
1208,333,6
1208,430,3
1209,445,9
1209,381,1
1210,115,1
1210,118,5
1210,1068,8
1211,362,6
1211,485,3
1212,689,8
1212,123,3
1212,578,8
1213,32,6
1213,565,2
1214,439,3
1214,544,8
1214,1007,6
1215,840,8
1215,307,1
1216,753,4
1216,286,4
1216,438,2
1217,304,4
1217,276,2
1218,462,9
1218,767,7
1218,514,7
1218,844,6
1219,775,6
1219,1117,4
1220,893,2
1220,1094,9
1220,842,8
1221,1090,8
1221,4,2
1222,1241,4
1222,902,5
1222,460,4
1223,152,6
1223,1104,5
1224,197,9
1224,508,4
1224,882,5
1225,501,4
1225,618,6
1226,248,8
1226,200,8
1227,975,9
1227,561,1
1227,1226,4
1228,1241,8
1228,1000,9
1229,828,2
1229,367,3
1229,400,1
1230,1233,3
1230,755,5
1231,821,9
1231,294,3
1231,921,7
1232,392,1
1232,621,3
1233,538,2
1233,98,1
1233,1028,2
1234,524,5
1234,1115,6
1235,660,7
1235,558,4
1235,586,7
1236,608,5
1236,956,6
1237,781,1
1237,120,7
1237,948,2
1238,425,3
1238,817,9
1239,484,6
1239,467,6
1240,260,9
1240,549,8
1240,1008,4
1241,336,5
1241,822,8
1242,1052,7
1242,1189,2
1242,1003,4
1243,21,2
1243,3,4
1244,410,5
1244,633,8
1244,37,8
1245,163,7
1245,394,1
1246,713,4
1246,463,5
1246,76,9
1247,298,2
1247,899,2
1248,510,9
1248,90,7
1248,110,4
1249,1132,9
1249,737,6
1250,664,9
1250,1057,2
1250,415,1
1251,860,9
1251,788,8
1252,512,8
1252,550,3
1253,384,3
1253,467,4
1253,597,8
1254,1183,7
1254,671,2
1255,1209,3
1255,983,3
1255,933,4
1256,652,3
1256,1112,4
1257,710,9
1257,561,6
1257,730,4
1258,1185,1
1258,328,3
1259,720,5
1259,1210,3
1259,1019,3
1260,562,3
1260,581,3
1261,188,1
1261,970,3
1261,967,4
1262,141,7
1262,253,4
1263,209,5
1263,1048,7
1263,1032,2
1264,55,9
1264,911,9
1265,1165,4
1265,1198,1
1266,630,9
1266,404,8
1266,422,7
1267,309,4
1267,475,1
1268,914,9
1268,1139,2
1268,818,4
1269,1060,3
1269,628,1
1270,466,2
1270,1106,5
1270,81,4
1271,53,7
1271,905,7
1272,905,1
1272,1119,2
1272,452,8
1273,132,2
1273,148,5
1274,1251,7
1274,1205,4
1274,461,7
1275,115,8
1275,340,8
1276,729,7
1276,1024,2
1277,1263,6
1277,140,8
1277,800,4
1278,115,1
1278,1038,8
1279,331,1
1279,726,3
1279,1034,2
1280,492,8
1280,960,7
1281,819,3
1281,629,8
1281,147,7
1282,427,8
1282,264,6
1283,677,3
1283,739,2
1283,137,5
1284,1192,9
1284,446,9
1285,1025,2
1285,569,5
1285,579,5
1286,1143,7
1286,518,6
1287,1029,1
1287,710,5
1287,1067,7
1288,1064,5
1288,36,5
1289,689,5
1289,46,3
1290,89,1
1290,463,6
1290,891,7
1291,1043,6
1291,522,5
1292,159,6
1292,194,5
1292,977,7
1293,446,5
1293,1265,1
1294,61,7
1294,1099,7
1294,1007,9
1295,44,7
1295,1192,6
1296,582,6
1296,530,3
1296,93,9
1297,1099,9
1297,634,2
1298,1272,7
1298,729,9
1298,945,2
1299,1254,2
1299,1130,3
1300,376,4
1300,399,1
1300,1058,1
1301,1271,7
1301,917,9
1302,892,2
1302,1027,8
1303,224,7
1303,823,5
1303,1233,3
1304,219,8
1304,259,9
1305,834,8
1305,541,8
1305,55,7
1306,707,3
1306,1263,5
1307,23,5
1307,875,7
1307,777,9
1308,738,2
1308,378,6
1309,137,6
1309,158,6
1309,553,2
1310,724,8
1310,140,8
1311,960,6
1311,65,8
1311,1067,2
1312,916,6
1312,147,9
1313,1250,8
1313,741,9
1313,519,9
1314,404,7
1314,838,9
1315,786,5
1315,562,6
1316,351,1
1316,480,3
1316,908,4
1317,1217,8
1317,1084,8
1318,777,7
1318,944,2
1318,563,5
1319,56,9
1319,129,4
1320,423,5
1320,1186,5
1320,433,4
1321,1109,6
1321,1245,6
1322,609,5
1322,360,5
1322,135,6
1323,329,2
1323,532,2
1324,333,8
1324,416,2
1324,147,7
1325,768,7
1325,698,2
1326,696,4
1326,1081,7
1326,385,2
1327,823,2
1327,860,2
1328,187,1
1328,517,4
1329,1256,7
1329,1166,9
1329,411,8
1330,385,1
1330,784,6
1331,1206,5
1331,516,8
1331,456,7
1332,930,5
1332,345,7
1333,1261,5
1333,582,3
1333,562,2
1334,721,2
1334,404,9
1335,772,5
1335,632,4
1335,511,4
1336,615,1
1336,1234,6
1337,1152,7
1337,702,2
1337,842,1
1338,1166,7
1338,811,3
1339,206,9
1339,392,2
1339,260,3
1340,732,3
1340,1047,5
1341,485,7
1341,63,6
1342,1182,1
1342,32,1
1342,385,2
1343,800,2
1343,319,4
1344,1006,6
1344,511,2
1344,293,2
1345,1143,5
1345,655,5
1346,934,9
1346,892,2
1346,32,4
1347,140,1
1347,452,5
1348,1238,2
1348,1272,3
1348,954,5
1349,632,7
1349,120,5
1350,963,4
1350,162,1
1350,537,4
1351,141,5
1351,954,4
1352,192,3
1352,710,8
1353,756,1
1353,849,3
1353,1015,3
1354,804,9
1354,861,6
1355,1163,7
1355,543,2
1355,1192,4
1356,620,6
1356,565,2
1357,82,1
1357,1237,8
1357,913,1
1358,404,8
1358,433,6
1359,776,1
1359,1182,7
1359,1097,2
1360,898,2
1360,712,5
1361,1240,3
1361,512,6
1361,847,4
1362,1224,3
1362,274,9
1363,72,1
1363,872,9
1363,1212,1
1364,1212,9
1364,334,2
1365,772,6
1365,257,6
1366,985,9
1366,1112,1
1366,797,4
1367,371,7
1367,1033,2
1368,519,3
1368,836,3
1368,605,8
1369,142,2
1369,74,8
1370,703,6
1370,878,1
1370,275,9
1371,699,2
1371,158,5
1372,31,6
1372,597,3
1372,389,1
1373,585,6
1373,144,6
1374,645,9
1374,259,5
1374,41,9
1375,598,3
1375,1120,1
1376,290,4
1376,748,7
1376,1162,3
1377,963,1
1377,125,1
1378,140,9
1378,428,5
1379,1040,9
1379,528,3
1379,319,4
1380,1107,9
1380,176,2
1381,142,9
1381,25,5
1381,1269,4
1382,978,1
1382,495,7
1383,214,4
1383,195,8
1383,432,2
1384,837,1
1384,764,5
1385,790,9
1385,1135,6
1385,941,7
1386,655,3
1386,1046,5
1387,40,7
1387,1053,4
1387,1074,4
1388,1011,7
1388,221,2
1389,297,5
1389,529,2
1389,987,1
1390,1073,5
1390,896,1
1391,59,6
1391,520,8
1392,994,1
1392,942,1
1392,350,3
1393,336,7
1393,1136,7
1394,1271,4
1394,134,2
1394,401,8
1395,526,7
1395,912,1
1396,375,7
1396,497,7
1396,211,9
1397,926,1
1397,456,6
1398,74,9
1398,1104,1
1398,319,8
1399,460,9
1399,34,2
1400,923,3
1400,427,7
1400,993,8
1401,23,4
1401,809,7
1402,79,4
1402,1072,5
1402,736,1
1403,520,7
1403,1025,9
1404,1192,8
1404,994,9
1405,355,8
1405,949,4
1405,780,7
1406,887,8
1406,834,6
1407,182,8
1407,202,7
1407,385,9
1408,949,1
1408,937,4
1409,1240,9
1409,7,2
1409,41,7
1410,983,9
1410,1265,7
1411,299,9
1411,779,1
1411,77,9
1412,97,3
1412,151,2
1413,734,4
1413,839,7
1413,584,6
1414,994,4
1414,1129,4
1415,522,9
1415,553,1
1415,1048,1
1416,922,9
1416,402,1
1417,1022,1
1417,1264,4
1418,183,6
1418,1007,5
1418,944,3
1419,103,4
1419,1246,2
1420,1206,8
1420,998,8
1420,997,2
1421,641,4
1421,386,2
1422,436,2
1422,809,8
1422,63,1
1423,452,5
1423,882,6
1424,514,7
1424,876,5
1424,866,3
1425,404,9
1425,750,1
1426,1001,9
1426,904,4
1426,1004,2
1427,997,6
1427,749,3
1428,359,4
1428,1095,3
1429,159,7
1429,905,2
1429,356,4
1430,433,7
1430,364,5
1431,1243,5
1431,1168,4
1431,1232,8
1432,781,6
1432,158,5
1433,1210,3
1433,1157,5
1433,103,8
1434,104,5
1434,114,2
1435,120,3
1435,571,5
1435,395,9
1436,232,6
1436,497,4
1437,121,1
1437,80,6
1437,371,1
1438,931,9
1438,886,2
1439,729,1
1439,184,4
1439,593,4
1440,45,5
1440,978,4
1441,529,3
1441,224,5
1442,675,8
1442,1208,7
1442,542,7
1443,1234,4
1443,490,2
1444,1003,2
1444,640,8
1444,589,7
1445,719,7
1445,101,6
1446,23,9
1446,126,8
1446,560,1
1447,67,1
1447,579,8
1448,723,8
1448,1035,4
1448,335,2
1449,1222,5
1449,478,7
1450,1131,9
1450,896,4
1450,1162,9
1451,730,9
1451,865,9
1452,1065,3
1452,1206,2
1452,557,2
1453,118,1
1453,1251,1
1454,243,2
1454,141,9
1455,1030,8
1455,9,4
1455,717,3
1456,1230,1
1456,1273,6
1457,29,5
1457,529,9
1457,922,5
1458,1054,1
1458,1047,2
1459,1210,4
1459,1144,8
1459,1019,5
1460,661,5
1460,549,2
1461,773,2
1461,641,5
1461,358,3
1462,943,3
1462,476,1
1463,4,9
1463,647,6
1463,1197,8
1464,1026,8
1464,793,1
1465,1252,5
1465,573,4
1465,1033,5
1466,1087,7
1466,871,3
1467,938,2
1467,1175,4
1468,713,2
1468,400,1
1468,1104,5
1469,555,8
1469,580,1
1470,385,8
1470,850,7
1470,1174,2
1471,256,2
1471,547,2
1472,259,4
1472,792,6
1472,1033,3
1473,1240,5
1473,610,1
1474,147,9
1474,658,7
1474,157,4
1475,320,1
1475,940,9
1476,229,9
1476,1005,4
1476,853,4
1477,751,5
1477,1257,8
1478,174,9
1478,642,4
1478,799,1
1479,535,2
1479,1051,5
1480,479,5
1480,540,9
1481,81,3
1481,414,4
1481,1183,2
1482,26,6
1482,646,1
1483,307,2
1483,93,3
1483,1121,5
1484,663,3
1484,959,8
1485,727,1
1485,445,8
1485,10,9
1486,497,8
1486,542,9
1487,1023,5
1487,1078,7
1487,428,5
1488,14,8
1488,856,6
1489,528,1
1489,44,9
1489,1145,8
1490,944,9
1490,281,2
1491,869,7
1491,547,5
1492,786,3
1492,481,9
1492,479,6
1493,742,5
1493,466,9
1494,1188,7
1494,756,7
1494,43,8
1495,1024,2
1495,940,1
1496,372,2
1496,1136,4
1496,1080,8
1497,2,7
1497,304,6
1498,170,1
1498,1185,5
1498,1085,7
1499,1181,6
1499,166,3
1500,297,2
1500,198,9
1500,830,6
1501,662,5
1501,318,7
1502,235,4
1502,949,6
1502,208,4
1503,578,9
1503,773,2
1504,564,5
1504,271,5
1505,327,7
1505,90,3
1505,833,2
1506,503,9
1506,1039,1
1507,437,8
1507,889,6
1507,367,9
1508,963,4
1508,248,4
1509,721,5
1509,392,4
1509,264,7
1510,1131,8
1510,524,3
1511,301,1
1511,853,9
1511,961,7
1512,72,8
1512,233,1
1513,1040,3
1513,886,9
1513,1003,3
1514,116,9
1514,1165,9
1515,1090,7
1515,466,8
1515,147,1
1516,64,3
1516,510,1
1517,294,7
1517,387,4
1518,406,9
1518,529,7
1518,215,2
1519,601,8
1519,376,8
1520,1023,6
1520,91,6
1520,403,1
1521,584,8
1521,795,5
1522,1037,3
1522,1019,8
1522,774,1
1523,378,8
1523,291,3
1524,587,7
1524,664,6
1524,614,5
1525,348,6
1525,1086,3
1526,1152,2
1526,1240,1
1526,834,6
1527,853,6
1527,939,6
1528,18,8
1528,1065,9
1528,189,3
1529,105,7
1529,926,4
1530,357,9
1530,66,4
1531,991,7
1531,730,4
1531,1148,4
1532,1166,6
1532,8,3
1533,1076,9
1533,336,8
1533,70,6
1534,516,7
1534,131,6
1535,1090,7
1535,706,7
1535,76,1
1536,928,6
1536,1171,4
1537,974,5
1537,1193,4
1537,1210,9
1538,268,4
1538,407,1
1539,880,7
1539,597,9
1539,882,9
1540,1162,2
1540,1013,2
1541,483,7
1541,31,1
1541,1154,4
1542,163,7
1542,723,3
1543,332,5
1543,484,9
1544,350,1
1544,557,5
1544,550,4
1545,1010,5
1545,1241,9
1546,1132,8
1546,948,2
1546,767,9
1547,431,5
1547,38,5
1548,1070,7
1548,424,7
1548,382,7
1549,1045,2
1549,123,6
1550,1247,1
1550,923,9
1550,584,1
1551,1098,4
1551,516,9
1552,219,8
1552,220,8
1552,762,7
1553,150,3
1553,86,8
1554,575,6
1554,221,7
1554,963,9
1555,1033,6
1555,308,7
1556,1031,3
1556,99,1
1557,963,5
1557,751,7
1557,154,4
1558,359,5
1558,480,9
1559,993,3
1559,731,1
1559,9,9
1560,412,2
1560,947,4
1561,237,5
1561,553,6
1561,444,7
1562,938,7
1562,816,9
1563,555,8
1563,76,2
1563,61,7
1564,662,5
1564,22,9
1565,301,3
1565,435,9
1565,353,5
1566,1266,1
1566,287,4
1567,1176,4
1567,865,6
1568,1046,5
1568,379,3
1568,151,5
1569,800,6
1569,102,7
1570,222,3
1570,890,8
1570,463,9
1571,366,7
1571,171,1
1572,1078,2
1572,689,1
1572,794,5
1573,363,2
1573,1164,2
1574,433,5
1574,353,7
1574,1225,8
1575,1159,3
1575,402,6
1576,636,4
1576,167,1
1576,1225,2
1577,589,5
1577,875,5
1578,956,7
1578,663,9
1578,1085,8
1579,565,3
1579,1110,3
1580,500,5
1580,974,9
1581,302,6
1581,747,3
1581,256,3
1582,92,3
1582,474,6
1583,931,9
1583,1151,9
1583,69,3
1584,582,9
1584,150,4
1585,853,1
1585,676,2
1585,295,5
1586,1040,5
1586,976,5
1587,928,1
1587,559,2
1587,648,9
1588,543,2
1588,1241,7
1589,591,4
1589,429,2
1589,1033,4
1590,786,1
1590,1200,6
1591,1198,1
1591,1038,5
1591,705,5
1592,403,1
1592,666,7
1593,1215,2
1593,455,6
1594,295,1
1594,661,7
1594,857,4
1595,642,5
1595,675,3
1596,1033,7
1596,957,6
1596,308,6
1597,152,3
1597,537,6
1598,575,2
1598,182,3
1598,387,5
1599,190,8
1599,302,8
1600,266,1
1600,205,6
1600,374,5
1601,1136,9
1601,1197,3
1602,717,9
1602,750,5
1602,132,9
1603,744,4
1603,320,4
1604,1071,9
1604,443,1
1604,547,6
1605,893,3
1605,1101,6
1606,639,5
1606,298,8
1607,441,8
1607,576,5
1607,570,3
1608,658,9
1608,97,3
1609,222,3
1609,468,2
1609,339,9
1610,114,9
1610,502,4
1611,942,2
1611,1,7
1611,888,4
1612,432,3
1612,708,8
1613,1069,5
1613,1194,3
1613,210,8
1614,754,6
1614,295,4
1615,638,5
1615,785,9
1615,724,7
1616,87,5
1616,436,3
1617,83,8
1617,812,1
1617,1189,3
1618,612,1
1618,305,1
1619,88,6
1619,1266,8
1620,1259,4
1620,1082,5
1620,217,7
1621,86,6
1621,898,2
1622,861,4
1622,22,9
1622,579,2
1623,341,9
1623,784,5
1624,374,6
1624,1055,9
1624,1176,3
1625,317,2
1625,521,5
1626,1234,4
1626,1168,9
1626,354,6
1627,917,1
1627,515,9
1628,1169,3
1628,641,8
1628,285,8
1629,1185,1
1629,577,2
1630,1009,4
1630,79,7
1630,576,4
1631,655,3
1631,830,9
1632,508,8
1632,1226,9
1633,1266,8
1633,198,3
1633,611,9
1634,1126,3
1634,134,8
1635,915,2
1635,623,7
1635,1082,3
1636,1244,8
1636,561,3
1637,1051,2
1637,689,4
1637,164,8
1638,666,4
1638,1104,3
1639,94,7
1639,142,5
1639,741,9
1640,636,5
1640,220,1
1641,1045,2
1641,338,2
1641,276,3
1642,698,9
1642,437,8
1643,32,7
1643,1263,2
1644,1133,2
1644,982,6
1644,973,4
1645,419,4
1645,911,7
1646,476,6
1646,479,8
1646,751,4
1647,646,5
1647,783,1
1648,153,1
1648,166,4
1648,343,7
1649,359,1
1649,1132,2
1650,1048,6
1650,77,7
1650,1118,4
1651,181,5
1651,55,5
1652,1115,3
1652,405,2
1652,165,4
1653,983,7
1653,822,7
1654,335,6
1654,991,5
1654,367,9
1655,921,7
1655,540,2
1656,791,4
1656,514,6
1657,300,6
1657,78,8
1657,1182,7
1658,37,8
1658,824,2
1659,1167,7
1659,65,5
1659,688,1
1660,874,9
1660,1158,9
1661,533,8
1661,954,5
1661,650,9
1662,689,7
1662,785,5
1663,467,1
1663,172,9
1663,1078,2
1664,1016,2
1664,441,9
1665,563,5
1665,1260,8
1665,1161,2
1666,746,5
1666,48,5
1667,347,5
1667,923,2
1667,639,4
1668,152,5
1668,638,9
1669,116,4
1669,818,2
1670,5,2
1670,634,7
1670,581,5
1671,1206,1
1671,134,7
1672,279,4
1672,1264,4
1672,779,6
1673,815,1
1673,447,7
1674,980,1
1674,618,5
1674,654,7
1675,36,5
1675,1164,9
1676,1272,3
1676,464,8
1676,1271,1
1677,164,8
1677,1091,9
1678,1017,7
1678,1270,5
1678,46,3
1679,326,8
1679,299,8
1680,259,8
1680,586,6
1680,1108,3
1681,889,6
1681,100,9
1682,325,7
1682,602,2
1683,29,9
1683,1072,8
1683,524,3
1684,667,9
1684,109,2
1685,759,2
1685,6,9
1685,266,5
1686,944,3
1686,921,9
1687,325,9
1687,477,8
1687,250,7
1688,67,2
1688,789,5
1689,1258,4
1689,334,2
1689,1225,3
1690,221,5
1690,435,2
1691,460,3
1691,198,7
1691,877,5
1692,344,6
1692,820,3
1693,913,4
1693,606,7
1693,651,1
1694,232,1
1694,1156,4
1695,592,1
1695,1100,9
1696,50,1
1696,1179,9
1696,838,4
1697,778,6
1697,866,6
1698,726,7
1698,1173,1
1698,979,2
1699,660,3
1699,1128,8
1700,346,1
1700,431,9
1700,75,8
1701,1216,9
1701,813,9
1702,617,5
1702,514,9
1702,1191,6
1703,466,1
1703,1147,3
1704,83,2
1704,51,9
1704,346,2
1705,78,8
1705,812,6
1706,648,1
1706,1055,3
1706,276,1
1707,813,4
1707,201,8
1708,925,5
1708,228,9
1709,155,8
1709,885,8
1709,1138,1
1710,943,1
1710,386,7
1711,464,7
1711,590,2
1711,363,6
1712,621,2
1712,106,4
1713,912,3
1713,614,6
1713,369,3
1714,289,8
1714,269,5
1715,1114,3
1715,212,9
1715,1052,1
1716,146,5
1716,954,8
1717,550,8
1717,1020,5
1717,6,5
1718,799,1
1718,555,1
1719,790,5
1719,1088,7
1720,127,3
1720,938,8
1720,977,2
1721,1019,8
1721,432,4
1722,30,2
1722,34,9
1722,780,5
1723,168,8
1723,943,6
1724,612,6
1724,1158,1
1724,894,2
1725,100,2
1725,466,9
1726,521,6
1726,620,2
1726,362,5
1727,702,3
1727,211,9
1728,377,3
1728,49,5
1728,1121,7
1729,1219,7
1729,1086,4
1730,268,1
1730,639,9
1730,460,4
1731,49,8
1731,162,6
1732,927,9
1732,580,9
1733,851,1
1733,201,7
1733,1167,1
1734,624,4
1734,216,8
1735,544,6
1735,749,6
1735,417,9
1736,1124,2
1736,20,1
1737,806,5
1737,60,4
1737,747,3
1738,68,3
1738,45,1
1739,1055,8
1739,1168,3
1739,378,5
1740,629,7
1740,80,7
1741,800,2
1741,855,9
1741,1225,7
1742,436,9
1742,960,3
1743,447,1
1743,985,4
1743,426,4
1744,105,8
1744,234,1
1745,888,9
1745,395,8
1746,26,7
1746,375,7
1746,209,6
1747,392,2
1747,1113,2
1748,877,1
1748,810,1
1748,1254,6
1749,438,6
1749,979,9
1750,691,2
1750,1133,2
1750,1216,3
1751,26,4
1751,395,6
1752,5,5
1752,577,1
1753,155,3
1753,308,3
1754,109,3
1754,741,4
1754,1237,5
1755,1193,8
1755,50,7
1756,580,8
1756,1182,2
1756,199,2
1757,774,3
1757,452,2
1758,1231,2
1758,647,2
1759,299,6
1759,724,6
1759,504,6
1760,609,1
1760,566,6
1761,69,5
1761,1150,5
1761,1178,8
1762,88,5
1762,989,3
1763,615,9
1763,668,4
1763,486,4
1764,485,7
1764,460,5
1765,866,2
1765,1099,4
1765,1137,9
1766,896,6
1766,696,4
1767,745,6
1767,636,5
1767,980,5
1768,1015,8
1768,260,4
1769,43,8
1769,1173,4
1769,1255,6
1770,1222,3
1770,502,1
1771,1262,9
1771,436,9
1772,1022,5
1772,990,8
1772,1147,9
1773,843,9
1773,920,1
1774,49,7
1774,881,7
1774,503,7
1775,172,2
1775,734,1
1776,751,4
1776,241,5
1776,493,3
1777,1048,9
1777,680,2
1778,989,8
1778,950,6
1778,396,2
1779,919,7
1779,653,6
1780,972,6
1780,524,9
1780,89,6
1781,750,6
1781,1259,6
1782,761,1
1782,1174,8
1782,1058,9
1783,396,7
1783,102,4
1784,170,8
1784,502,4
1785,610,5
1785,427,6
1785,493,3
1786,610,8
1786,1103,3
1787,161,7
1787,549,9
1787,1134,4
1788,603,2
1788,158,3
1789,517,5
1789,364,5
1789,688,9
1790,68,1
1790,434,9
1791,108,3
1791,356,5
1791,207,7
1792,341,6
1792,744,2
1793,759,1
1793,757,4
1793,196,5
1794,1206,3
1794,79,4
1795,315,6
1795,738,6
1796,965,9
1796,182,4
1796,489,9
1797,753,3
1797,731,7
1798,94,5
1798,369,5
1798,874,7
1799,83,1
1799,698,4
1800,286,9
1800,1265,3
1800,176,6
1801,375,3
1801,580,7
1802,690,2
1802,994,7
1802,808,2
1803,50,1
1803,1066,8
1804,440,6
1804,477,6
1804,22,3
1805,139,2
1805,1129,2
1806,1235,2
1806,727,9
1806,300,5
1807,227,7
1807,957,5
1808,1143,9
1808,44,4
1809,78,5
1809,10,3
1809,111,1
1810,366,3
1810,875,3
1811,1248,7
1811,302,2
1811,167,5
1812,1220,5
1812,584,7
1813,741,8
1813,540,7
1813,641,7
1814,890,7
1814,559,1
1815,1083,7
1815,222,1
1815,231,7
1816,1049,3
1816,52,5
1817,976,4
1817,685,8
1817,1090,5
1818,958,4
1818,1245,9
1819,172,9
1819,769,9
1819,1149,5
1820,165,4
1820,1026,4
1821,1117,5
1821,354,5
1822,607,3
1822,195,7
1822,472,1
1823,285,7
1823,171,5
1824,1088,4
1824,1263,5
1824,822,8
1825,1215,9
1825,675,1
1826,507,4
1826,864,9
1826,33,9
1827,488,4
1827,878,3
1828,1009,5
1828,582,9
1828,342,9
1829,943,3
1829,602,8
1830,824,8
1830,554,8
1830,1210,9
1831,1062,3
1831,17,9
1832,56,2
1832,45,9
1832,174,2
1833,951,2
1833,1225,7
1834,615,9
1834,1069,9
1835,1103,9
1835,508,5
1835,1110,2
1836,986,9
1836,171,1
1837,658,3
1837,884,9
1837,592,9
1838,589,3
1838,1218,4
1839,258,5
1839,1244,1
1839,1230,1
1840,453,3
1840,319,6
1841,439,5
1841,1054,5
1841,621,1
1842,345,7
1842,1129,1
1843,145,5
1843,207,8
1843,657,4
1844,967,4
1844,1268,6
1845,245,7
1845,399,5
1845,32,5
1846,756,2
1846,1161,8
1847,336,2
1847,1030,6
1848,926,5
1848,1015,6
1848,1158,2
1849,403,5
1849,1016,2
1850,696,5
1850,187,3
1850,122,9
1851,80,3
1851,1185,4
1852,874,8
1852,280,5
1852,133,3
1853,250,1
1853,1132,8
1854,777,3
1854,310,8
1854,298,9
1855,434,4
1855,250,3
1856,519,7
1856,775,2
1856,1058,4
1857,241,5
1857,196,8
1858,594,8
1858,1029,5
1859,1035,6
1859,1035,9
1859,801,1
1860,960,4
1860,1044,9
1861,1132,9
1861,1198,6
1861,355,8
1862,936,7
1862,594,6
1863,1038,7
1863,478,6
1863,849,7
1864,432,6
1864,442,6
1865,1238,5
1865,160,7
1865,790,9
1866,543,9
1866,275,7
1867,481,4
1867,673,9
1867,824,1
1868,537,5
1868,377,1
1869,441,7
1869,582,1
1869,510,7
1870,610,4
1870,425,6
1871,1031,4
1871,652,2
1872,644,4
1872,674,2
1872,720,6
1873,1136,9
1873,818,6
1874,329,4
1874,250,7
1874,591,3
1875,991,4
1875,158,1
1876,983,7
1876,834,9
1876,1017,5
1877,895,1
1877,641,2
1878,1249,1
1878,767,7
1878,1062,5
1879,596,6
1879,999,8
1880,20,9
1880,1056,4
1880,1132,1
1881,988,9
1881,306,6
1882,542,4
1882,813,2
1882,56,1
1883,712,3
1883,579,6
1884,583,3
1884,202,5
1885,893,3
1885,1021,6
1885,1137,6
1886,354,3
1886,1032,8
1887,237,4
1887,420,6
1887,1137,3
1888,226,2
1888,824,5
1889,193,6
1889,815,5
1889,609,9
1890,768,5
1890,276,6
1891,378,5
1891,1196,4
1891,1107,3
1892,1110,2
1892,64,4
1893,1189,6
1893,1132,3
1893,395,5
1894,840,7
1894,609,5
1895,858,3
1895,1168,8
1895,244,7
1896,900,9
1896,1,2
1897,391,1
1897,639,3
1898,1145,7
1898,249,3
1898,683,2
1899,171,3
1899,344,1
1900,327,6
1900,765,6
1900,1188,6
1901,790,4
1901,182,6
1902,1175,2
1902,670,9
1902,529,8
1903,568,7
1903,575,4
1904,998,7
1904,675,7
1904,261,5
1905,507,4
1905,358,8
1906,342,6
1906,398,4
1906,650,2
1907,551,3
1907,1133,2
1908,783,7
1908,698,6
1908,71,2
1909,1093,9
1909,1197,5
1910,420,8
1910,1077,8
1911,723,9
1911,1231,6
1911,763,4
1912,872,9
1912,189,5
1913,1224,6
1913,110,7
1913,807,4
1914,345,7
1914,224,9
1915,436,1
1915,926,3
1915,1100,2
1916,534,3
1916,783,7
1917,685,9
1917,728,6
1917,513,5
1918,118,4
1918,331,5
1919,656,2
1919,776,8
1919,1033,4
1920,934,6
1920,129,5
1921,1100,6
1921,939,9
1921,806,9
1922,278,6
1922,133,3
1923,231,1
1923,215,6
1924,1225,3
1924,57,7
1924,981,9
1925,795,6
1925,590,5
1926,1131,5
1926,85,2
1926,594,9
1927,958,2
1927,27,8
1928,407,6
1928,1135,3
1928,929,8
1929,775,6
1929,394,1
1930,1198,9
1930,1183,7
1930,189,2
1931,297,5
1931,1021,2
1932,758,9
1932,59,8
1932,506,9
1933,111,3
1933,585,3
1934,822,7
1934,930,6
1935,376,9
1935,316,5
1935,464,7
1936,535,6
1936,469,6
1937,65,6
1937,625,5
1937,459,4
1938,171,1
1938,372,1
1939,31,5
1939,544,5
1939,875,8
1940,887,5
1940,75,3
1941,851,1
1941,1118,5
1941,1129,2
1942,1074,4
1942,969,7
1943,1072,7
1943,875,4
1943,152,6
1944,386,8
1944,807,9
1945,984,9
1945,1210,1
1945,530,8
1946,257,1
1946,511,4
1947,591,9
1947,528,9
1948,477,6
1948,1251,4
1948,1235,3
1949,542,5
1949,469,1
1950,101,4
1950,546,8
1950,717,8
1951,433,3
1951,779,4
1952,379,2
1952,765,2
1952,41,3
1953,985,4
1953,649,3
1954,176,3
1954,1094,1
1954,365,3
1955,370,7
1955,1264,5
1956,914,2
1956,967,1
1956,698,9
1957,763,3
1957,247,7
1958,84,6
1958,1235,7
1958,1043,9
1959,658,4
1959,441,9
1960,868,9
1960,201,7
1961,1199,6
1961,1086,8
1961,544,3
1962,1210,9
1962,1170,6
1963,1030,2
1963,809,4
1963,1144,8
1964,9,4
1964,839,7
1965,217,3
1965,956,5
1965,814,4
1966,1140,6
1966,95,4
1967,116,7
1967,1206,7
1967,882,9
1968,199,7
1968,450,2
1969,254,4
1969,1164,2
1969,590,2
1970,777,5
1970,114,1
1971,488,5
1971,665,3
1971,290,6
1972,271,3
1972,620,5
1973,1022,4
1973,560,2
1974,610,3
1974,158,6
1974,676,2
1975,644,4
1975,167,7
1976,726,5
1976,425,8
1976,491,3
1977,503,7
1977,332,6
1978,675,6
1978,169,2
1978,930,1
1979,387,1
1979,1134,3
1980,1071,6
1980,979,2
1980,613,5
1981,45,1
1981,629,4
1982,428,1
1982,166,8
1982,152,8
1983,668,2
1983,951,5
1984,724,6
1984,489,7
1984,1150,2
1985,551,6
1985,689,1
1986,1239,4
1986,619,2
1987,802,3
1987,982,9
1987,928,3
1988,1168,9
1988,1186,2
1989,1139,8
1989,1155,7
1989,1164,7
1990,800,5
1990,802,9
1991,147,8
1991,725,2
1991,519,4
1992,1040,3
1992,51,3
1993,887,5
1993,538,1
1993,1273,5
1994,470,1
1994,588,5
1995,349,5
1995,15,6
1995,967,6
1996,729,6
1996,821,5
1997,818,5
1997,594,3
1997,29,4
1998,145,4
1998,15,9
1999,994,7
1999,371,8
2000,368,6
2000,1137,4
2000,592,3
2001,736,2
2001,107,5
2002,89,1
2002,537,3
2002,388,8
2003,146,8
2003,899,7
2004,860,7
2004,203,6
2004,90,3
2005,581,5
2005,786,1
2006,888,9
2006,166,6
2006,1013,5
2007,717,4
2007,177,6
2008,961,6
2008,27,3
2008,538,8
2009,150,7
2009,240,7
2010,865,1
2010,942,2
2011,255,4
2011,42,9
2011,521,1
2012,1080,9
2012,95,3
2013,223,1
2013,844,6
2013,340,8
2014,280,9
2014,1063,2
2015,1051,5
2015,636,4
2015,467,7
2016,1194,4
2016,222,4
2017,107,1
2017,1273,6
2017,432,4
2018,420,2
2018,1095,8
2019,854,8
2019,205,9
2019,839,2
2020,288,6
2020,1227,4
2021,719,9
2021,266,6
2021,630,8
2022,410,6
2022,1229,2
2023,405,3
2023,150,1
2024,224,8
2024,957,2
2024,162,9
2025,551,2
2025,654,8
2026,729,2
2026,1013,2
2026,106,4
2027,705,3
2027,402,8
2028,99,6
2028,859,3
2028,874,4
2029,1222,4
2029,32,5
2030,1129,2
2030,382,1
2030,19,7
2031,480,4
2031,997,7
2032,133,7
2032,1080,7
2032,1045,2
2033,547,3
2033,128,8
2034,276,1
2034,591,6
2034,388,6
2035,828,8
2035,1078,7
2036,1044,8
2036,876,6
2037,130,8
2037,933,4
2037,1026,2
2038,1251,1
2038,1269,6
2039,102,3
2039,261,2
2039,305,3
2040,693,8
2040,1145,6
2041,20,1
2041,167,7
2041,78,7
2042,304,2
2042,449,6
2043,809,1
2043,716,9
2043,872,5
2044,999,1
2044,345,8
2045,307,8
2045,778,8
2045,1033,9
2046,429,9
2046,313,7
2047,143,3
2047,1030,3
2047,556,8
2048,1129,9
2048,253,5
2049,921,8
2049,1012,5
2050,53,7
2050,450,9
2050,807,8
2051,202,5
2051,590,5
2052,203,2
2052,1162,7
2052,767,6
2053,698,6
2053,1079,7
2054,585,9
2054,553,4
2054,439,2
2055,617,6
2055,294,4
2056,1037,5
2056,75,9
2056,1094,8
2057,440,4
2057,131,8
2058,1060,9
2058,212,3
2058,1166,1
2059,1137,3
2059,1127,3
2060,1022,5
2060,1139,2
2060,143,7
2061,497,6
2061,727,9
2062,645,1
2062,388,5
2063,623,9
2063,525,4
2063,781,1
2064,862,3
2064,1232,7
2065,943,3
2065,518,6
2065,483,7
2066,231,1
2066,1078,6
2067,828,6
2067,667,8
2067,875,3
2068,462,4
2068,3,9
2069,1092,2
2069,1127,5
2069,587,2
2070,428,5
2070,429,4
2071,1243,5
2071,932,8
2071,1162,1
2072,1138,6
2072,594,9
2073,76,1
2073,573,1
2073,1171,7
2074,259,8
2074,696,8
2075,756,8
2075,527,8
2076,804,2
2076,1060,1
2076,657,7
2077,718,4
2077,518,7
2078,738,8
2078,482,7
2078,49,9
2079,1062,7
2079,996,3
2080,141,1
2081,293,3
2081,673,3
2083,398,1
2083,902,9
2083,1122,3
